{
  "days": 1509,
  "cagr": -0.007017064838380049,
  "ann_vol": 0.11182577351014204,
  "sharpe": -0.0070850356318291,
  "max_dd": -0.2822572017892174,
  "calmar": -0.02486053427122195,
  "hit_rate": 0.4917163684559311,
  "win_loss_ratio": 0.9904944334262099,
  "turnover_daily": 0.08223060408424525,
  "max_gross": 1.0,
  "cost_bps": 10.0,
  "signals": [
    "momentum",
    "mean_reversion",
    "ewma_momentum"
  ],
  "weights": {
    "momentum": 0.3333333333333333,
    "mean_reversion": 0.3333333333333333,
    "ewma_momentum": 0.3333333333333333
  },
  "mode": "equal_weight",
  "rebalance": "daily",
  "impact_model": "proportional",
  "risk_config": {
    "clip_zscore": 2.0,
    "smooth_halflife": 5,
    "inverse_vol": true,
    "vol_lookback": 20,
    "vol_target": 0.1,
    "vol_target_lookback": 63,
    "vol_floor": 0.01,
    "max_leverage": 2.0
  }
}