{
  "days": 1509,
  "cagr": -0.01679230690521305,
  "ann_vol": 0.10810202021460141,
  "sharpe": -0.1025498494385438,
  "max_dd": -0.2553989043781454,
  "calmar": -0.06574933023342279,
  "hit_rate": 0.5175612988734261,
  "win_loss_ratio": 0.8765363872810454,
  "turnover_daily": 0.06527619029544415,
  "max_gross": 1.0,
  "cost_bps": 10.0,
  "signals": [
    "momentum",
    "ewma_momentum"
  ],
  "weights": {
    "momentum": 0.5,
    "ewma_momentum": 0.5
  },
  "mode": "equal_weight",
  "rebalance": "daily",
  "impact_model": "proportional",
  "risk_config": {
    "clip_zscore": 2.0,
    "smooth_halflife": 10,
    "inverse_vol": true,
    "vol_lookback": 20,
    "vol_target": 0.1,
    "vol_target_lookback": 63,
    "vol_floor": 0.01,
    "max_leverage": 2.0
  }
}