{
  "faang": {
    "best_signal": "ewma_momentum",
    "ewma_span": 40,
    "cost_bps": 5,
    "cv_mean_sharpe": 0.3047344961499637,
    "sharpe": 0.3602073184515589,
    "cagr": 0.0400237578627347,
    "max_drawdown": -0.2184950097486284,
    "average_turnover": 0.2592592592592593
  },
  "runner_up": {
    "signal": "momentum",
    "lookback": 40,
    "cost_bps": 5,
    "cv_mean_sharpe": 0.1494694849974776,
    "sharpe": 0.2515940989570081,
    "cagr": 0.0241768025167701,
    "max_drawdown": -0.2140755987049344,
    "average_turnover": 0.2097783668360209
  },
  "third_best": {
    "signal": "ewma_momentum",
    "ewma_span": 60,
    "cost_bps": 5,
    "cv_mean_sharpe": 0.1634563569706033,
    "sharpe": 0.2394405663567986,
    "cagr": 0.0238461619005723,
    "max_drawdown": -0.2470752722147883,
    "average_turnover": 0.2136072454163905
  }
}