{
  "days": 2190,
  "cagr": 0.0283692804058564,
  "ann_vol": 0.16558816910035898,
  "sharpe": 0.25253379738032866,
  "max_dd": -0.4559023863982613,
  "calmar": 0.06222665476700078,
  "hit_rate": 0.5118721461187214,
  "win_loss_ratio": 0.9726825937527309,
  "turnover_daily": 0.11073059132547967,
  "max_gross": 1.0,
  "cost_bps": 20.0,
  "signals": [
    "momentum",
    "mean_reversion",
    "ewma_momentum"
  ],
  "weights": {
    "momentum": 0.3333333333333333,
    "mean_reversion": 0.3333333333333333,
    "ewma_momentum": 0.3333333333333333
  },
  "mode": "equal_weight",
  "rebalance": "daily",
  "impact_model": "proportional",
  "risk_config": {
    "clip_zscore": 2.0,
    "smooth_halflife": 5,
    "inverse_vol": true,
    "vol_lookback": 20,
    "vol_target": 0.15,
    "vol_target_lookback": 63,
    "vol_floor": 0.01,
    "max_leverage": 2.0
  }
}