{
  "days": 1509,
  "cagr": -0.0802165141939879,
  "ann_vol": 0.11421959261556931,
  "sharpe": -0.6746737071929718,
  "max_dd": -0.43506996791034125,
  "calmar": -0.18437612363655226,
  "hit_rate": 0.49569251159708416,
  "win_loss_ratio": 0.8936490813998214,
  "turnover_daily": 0.3321864985726127,
  "max_gross": 1.0,
  "cost_bps": 10.0,
  "signals": [
    "momentum",
    "mean_reversion",
    "ewma_momentum"
  ],
  "weights": {
    "momentum": 0.3333333333333333,
    "mean_reversion": 0.3333333333333333,
    "ewma_momentum": 0.3333333333333333
  },
  "mode": "equal_weight",
  "rebalance": "daily",
  "impact_model": "proportional",
  "risk_config": null
}