{
  "days": 1509,
  "cagr": -0.08021651924229578,
  "ann_vol": 0.11421958583359837,
  "sharpe": -0.674673802360553,
  "max_dd": -0.4350701079701961,
  "calmar": -0.18437607588474203,
  "hit_rate": 0.49569251159708416,
  "win_loss_ratio": 0.8936490511021487,
  "turnover_daily": 0.3321865173320861,
  "max_gross": 1.0,
  "cost_bps": 10.0,
  "signals": [
    "momentum",
    "mean_reversion",
    "ewma_momentum"
  ],
  "weights": {
    "momentum": 0.3333333333333333,
    "mean_reversion": 0.3333333333333333,
    "ewma_momentum": 0.3333333333333333
  },
  "mode": "equal_weight",
  "rebalance": "daily",
  "impact_model": "proportional",
  "risk_config": null
}