{
  "days": 1509,
  "cagr": -0.022607086509760732,
  "ann_vol": 0.16137902826164116,
  "sharpe": -0.06196742543127455,
  "max_dd": -0.39210591488016555,
  "calmar": -0.057655561040617954,
  "hit_rate": 0.49768058316766073,
  "win_loss_ratio": 0.9943009005749377,
  "turnover_daily": 0.31403480456832916,
  "max_gross": 1.0,
  "cost_bps": 10.0,
  "signals": [
    "momentum",
    "mean_reversion",
    "ewma_momentum"
  ],
  "weights": {
    "momentum": 0.3333333333333333,
    "mean_reversion": 0.3333333333333333,
    "ewma_momentum": 0.3333333333333333
  },
  "mode": "equal_weight",
  "rebalance": "daily",
  "impact_model": "proportional",
  "risk_config": null
}