{
  "days": 1509,
  "cagr": -0.022607387681703894,
  "ann_vol": 0.16137904537923614,
  "sharpe": -0.06196931113038845,
  "max_dd": -0.39210641012072855,
  "calmar": -0.057656256307422105,
  "hit_rate": 0.49768058316766073,
  "win_loss_ratio": 0.9943005204609588,
  "turnover_daily": 0.3140348799804822,
  "max_gross": 1.0,
  "cost_bps": 10.0,
  "signals": [
    "momentum",
    "mean_reversion",
    "ewma_momentum"
  ],
  "weights": {
    "momentum": 0.3333333333333333,
    "mean_reversion": 0.3333333333333333,
    "ewma_momentum": 0.3333333333333333
  },
  "mode": "equal_weight",
  "rebalance": "daily",
  "impact_model": "proportional",
  "risk_config": null
}