{
  "days": 1509,
  "cagr": -0.022607544384769085,
  "ann_vol": 0.16137900010420744,
  "sharpe": -0.06197036348074717,
  "max_dd": -0.39210678488915707,
  "calmar": -0.057656600844486566,
  "hit_rate": 0.4970178926441352,
  "win_loss_ratio": 0.99694301778457,
  "turnover_daily": 0.31403476539251396,
  "max_gross": 1.0,
  "cost_bps": 10.0,
  "signals": [
    "momentum",
    "mean_reversion",
    "ewma_momentum"
  ],
  "weights": {
    "momentum": 0.3333333333333333,
    "mean_reversion": 0.3333333333333333,
    "ewma_momentum": 0.3333333333333333
  },
  "mode": "equal_weight",
  "rebalance": "daily",
  "impact_model": "proportional",
  "risk_config": null
}