{
  "days": 200,
  "cagr": -0.1342674298149068,
  "sharpe": -3.545590573367955,
  "max_dd": -0.10812381237206947,
  "turnover_daily": 0.30519999999999997,
  "max_gross": 1.0,
  "lookback": 20,
  "cost_bps": 10.0,
  "seed": 42
}