{
  "days": 1509,
  "cagr": -0.014950563837577313,
  "ann_vol": 0.1502195236161214,
  "sharpe": -0.026031839757419736,
  "max_dd": -0.37609083357553863,
  "calmar": -0.03975253450194622,
  "hit_rate": 0.49104180491041804,
  "win_loss_ratio": 1.0313220638453549,
  "turnover_daily": 0.29953611663353213,
  "max_gross": 1.0,
  "lookback": 20,
  "cost_bps": 10.0,
  "signal_type": "ewma_momentum",
  "rebalance": "daily",
  "impact_model": "proportional",
  "ewma_span": 30
}