{
  "days": 1509,
  "cagr": -0.04085668032381318,
  "ann_vol": 0.1061613783474861,
  "sharpe": -0.3398239623720858,
  "max_dd": -0.2518200883496451,
  "calmar": -0.16224551659709066,
  "hit_rate": 0.4897282968853545,
  "win_loss_ratio": 0.9427091066322759,
  "turnover_daily": 0.08741268772581107,
  "max_gross": 1.0,
  "cost_bps": 10.0,
  "signals": [
    "momentum",
    "ewma_momentum"
  ],
  "weights": {
    "momentum": 0.5,
    "ewma_momentum": 0.5
  },
  "mode": "equal_weight",
  "rebalance": "daily",
  "impact_model": "proportional",
  "risk_config": {
    "clip_zscore": 2.0,
    "smooth_halflife": 10,
    "inverse_vol": true,
    "vol_lookback": 20,
    "vol_target": 0.1,
    "vol_target_lookback": 63,
    "vol_floor": 0.01,
    "max_leverage": 2.0
  }
}